{
    "geometries": [{
        "materials": [{
            "transparent": false,
            "opacity": 1,
            "visible": true,
            "colorEmissive": [0,0,0],
            "DbgIndex": 0,
            "shading": "phong",
            "mapDiffuse": "Steve.png",
            "depthTest": true,
            "specularCoef": 50,
            "mapDiffuseRepeat": [1,1],
            "mapDiffuseWrap": ["RepeatWrapping","RepeatWrapping"],
            "blending": "NormalBlending",
            "mapDiffuseAnisotropy": 1,
            "doubleSided": true,
            "depthWrite": true,
            "colorAmbient": [0.64,0.64,0.64],
            "colorSpecular": [0.05,0.05,0.05],
            "DbgColor": 15658734,
            "DbgName": "Steve",
            "colorDiffuse": [0.64,0.64,0.64],
            "wireframe": false
        }],
        "type": "Geometry",
        "uuid": "53A2F1E3-F4B3-3534-96F6-463768A355EA",
        "data": {
            "influencesPerVertex": 2,
            "skinIndices": [],
            "morphTargets": [],
            "name": "Steve_RArmGeometry",
            "bones": [],
            "uvs": [[0.810749,0.385914,0.811271,0.499729,0.759676,0.499733,0.759154,0.385918,0.747193,0.001975,0.748349,0.36456,0.693041,0.364662,0.691885,0.002077,0.69235,0.372208,0.697119,0.006768,0.755237,0.007035,0.750468,0.372475,0.752226,0.003554,0.753944,0.372404,0.690567,0.378607,0.688849,0.009758,0.756093,0.006957,0.756694,0.36321,0.689552,0.364713,0.68895,0.00846,0.686919,0.378174,0.749925,0.378174,0.749289,0.500739,0.686282,0.500739]],
            "metadata": {
                "uvs": 1,
                "faces": 6,
                "version": 3,
                "morphTargets": 0,
                "normals": 8,
                "materials": 1,
                "generator": "io_three",
                "vertices": 8,
                "bones": 0
            },
            "skinWeights": [],
            "animations": [],
            "normals": [-0.578112,-0.56856,0.585253,-0.590289,-0.572131,-0.569353,0.564226,-0.586047,-0.58153,0.576434,-0.582476,0.573077,-0.564226,0.586047,0.58153,-0.576434,0.582476,-0.573077,0.590289,0.572131,0.569353,0.578112,0.568529,-0.585253],
            "vertices": [-0.548908,-4.13132,6.48752,-0.560913,-4.13483,5.35135,0.482139,-4.14741,5.34036,0.494144,-4.14389,6.47654,-0.512911,-1.13684,6.47787,-0.524916,-1.14036,5.3417,0.53014,-1.14941,6.46689,0.518135,-1.15293,5.33071],
            "faces": [43,0,1,2,3,0,0,1,2,3,0,1,2,3,43,0,4,5,1,0,4,5,6,7,0,4,5,1,43,4,0,3,6,0,8,9,10,11,4,0,3,6,43,1,5,7,2,0,12,13,14,15,1,5,7,2,43,2,7,6,3,0,16,17,18,19,2,7,6,3,43,4,6,7,5,0,20,21,22,23,4,6,7,5]
        }
    },{
        "materials": [{
            "transparent": false,
            "opacity": 1,
            "visible": true,
            "colorEmissive": [0,0,0],
            "DbgIndex": 0,
            "shading": "phong",
            "mapDiffuse": "Steve.png",
            "depthTest": true,
            "specularCoef": 50,
            "mapDiffuseRepeat": [1,1],
            "mapDiffuseWrap": ["RepeatWrapping","RepeatWrapping"],
            "blending": "NormalBlending",
            "mapDiffuseAnisotropy": 1,
            "doubleSided": true,
            "depthWrite": true,
            "colorAmbient": [0.64,0.64,0.64],
            "colorSpecular": [0.05,0.05,0.05],
            "DbgColor": 15658734,
            "DbgName": "Steve",
            "colorDiffuse": [0.64,0.64,0.64],
            "wireframe": false
        }],
        "type": "Geometry",
        "uuid": "F48E5619-D35C-32B8-BD90-92636679BC68",
        "data": {
            "influencesPerVertex": 2,
            "skinIndices": [],
            "morphTargets": [],
            "name": "Steve_RLegGeometry",
            "bones": [],
            "uvs": [[0.124564,0.372844,0.123284,0.495731,0.062259,0.497328,0.063538,0.374441,0.250211,0.370491,0.250211,0.001371,0.190639,-0.001314,0.190639,0.367806,0.000807,0.00962,0.000807,0.377727,0.059514,0.377727,0.059514,0.00962,0.000878,0.373364,0.000878,0.010074,0.062985,0.010074,0.062985,0.373364,0.065586,0.375905,0.065375,0.003473,0.124947,0.003338,0.125158,0.37577,0.179068,0.489942,0.130391,0.486732,0.129081,0.397994,0.177758,0.401205]],
            "metadata": {
                "uvs": 1,
                "faces": 6,
                "version": 3,
                "morphTargets": 0,
                "normals": 8,
                "materials": 1,
                "generator": "io_three",
                "vertices": 8,
                "bones": 0
            },
            "skinWeights": [],
            "animations": [],
            "normals": [-0.577349,0.577349,0.577349,-0.577349,-0.577349,0.577349,0.577349,-0.577349,0.577349,0.577349,0.577349,0.577349,-0.577349,0.577349,-0.577349,-0.577349,-0.577349,-0.577349,0.577349,0.577349,-0.577349,0.577349,-0.577349,-0.577349],
            "vertices": [-0.521593,-0.000451,3.49735,-0.521593,-1.1367,3.49735,0.521593,-1.1367,3.49735,0.521592,-0.000451,3.49735,-0.521593,-0.000451,0.502646,-0.521592,-1.1367,0.502646,0.521593,-0.000451,0.502646,0.521593,-1.1367,0.502646],
            "faces": [43,0,1,2,3,0,0,1,2,3,0,1,2,3,43,0,4,5,1,0,4,5,6,7,0,4,5,1,43,4,0,3,6,0,8,9,10,11,4,0,3,6,43,1,5,7,2,0,12,13,14,15,1,5,7,2,43,2,7,6,3,0,16,17,18,19,2,7,6,3,43,4,6,7,5,0,20,21,22,23,4,6,7,5]
        }
    },{
        "materials": [{
            "transparent": false,
            "opacity": 1,
            "visible": true,
            "colorEmissive": [0,0,0],
            "DbgIndex": 0,
            "shading": "phong",
            "mapDiffuse": "Steve.png",
            "depthTest": true,
            "specularCoef": 50,
            "mapDiffuseRepeat": [1,1],
            "mapDiffuseWrap": ["RepeatWrapping","RepeatWrapping"],
            "blending": "NormalBlending",
            "mapDiffuseAnisotropy": 1,
            "doubleSided": true,
            "depthWrite": true,
            "colorAmbient": [0.64,0.64,0.64],
            "colorSpecular": [0.05,0.05,0.05],
            "DbgColor": 15658734,
            "DbgName": "Steve",
            "colorDiffuse": [0.64,0.64,0.64],
            "wireframe": false
        }],
        "type": "Geometry",
        "uuid": "ECE17B79-2E83-3E47-B424-B612C155212F",
        "data": {
            "influencesPerVertex": 2,
            "skinIndices": [],
            "morphTargets": [],
            "name": "Steve_HeadGeometry",
            "bones": [],
            "uvs": [[0.376673,0.749269,0.3759,0.503487,0.125457,0.755906,0.249146,0.755974,0.249112,0.999932,0.125829,0.999911,0.500661,0.750006,0.500024,0.502517,0.253952,0.761856,0.369216,0.761856,0.369216,0.991808,0.253952,0.991808,1,1,1,0,0.123832,0.501264,0.12418,0.750315,0.002091,0.753476,0.001326,0.503335,0.125687,0.503316,0.25078,0.50329,0.251113,0.748845,0.126238,0.747512,0.249306,0.504219,0.374877,0.506418,0.374931,0.749621,0.250104,0.747256]],
            "metadata": {
                "uvs": 1,
                "faces": 10,
                "version": 3,
                "morphTargets": 0,
                "normals": 9,
                "materials": 1,
                "generator": "io_three",
                "vertices": 12,
                "bones": 0
            },
            "skinWeights": [],
            "animations": [],
            "normals": [-0.316202,-0.002075,0.948668,-0.707083,0.004639,0.707083,0,-0.448378,0.893826,-0.577349,0.573504,0.581133,0.316202,-0.002075,0.948668,0.577349,0.573504,0.581133,-0.577349,0.581133,-0.573504,0.577349,0.581133,-0.573504,0.707083,0.004639,0.707083],
            "vertices": [-1,-1.00657,8.47403,-1,-0.993383,6.47408,-1,-0.993383,6.47408,-1,-1.00657,8.47403,1,-1.00657,8.47403,0.999999,0.993383,8.48723,-1,0.993383,8.48722,-1,1.00657,6.48727,1,-1.00657,8.47403,1,1.00657,6.48727,1,-0.993383,6.47408,1,-0.993383,6.47408],
            "faces": [43,0,1,2,3,0,0,1,1,0,0,1,2,2,43,6,0,4,5,0,4,5,2,3,3,0,4,5,43,0,6,7,1,0,0,6,7,1,0,3,6,1,43,4,0,3,8,0,2,5,5,2,4,0,2,2,43,9,10,1,7,0,8,9,10,11,7,8,1,6,43,1,10,11,2,0,12,13,13,12,1,8,2,2,43,11,8,3,2,0,14,15,16,17,2,2,2,2,43,10,9,5,4,0,18,19,20,21,8,7,5,4,43,10,4,8,11,0,18,21,21,18,8,4,2,2,43,9,7,6,5,0,22,23,24,25,7,6,3,5]
        }
    },{
        "materials": [{
            "transparent": false,
            "opacity": 1,
            "visible": true,
            "colorEmissive": [0,0,0],
            "DbgIndex": 0,
            "shading": "phong",
            "mapDiffuse": "Steve.png",
            "depthTest": true,
            "specularCoef": 50,
            "mapDiffuseRepeat": [1,1],
            "mapDiffuseWrap": ["RepeatWrapping","RepeatWrapping"],
            "blending": "NormalBlending",
            "mapDiffuseAnisotropy": 1,
            "doubleSided": true,
            "depthWrite": true,
            "colorAmbient": [0.64,0.64,0.64],
            "colorSpecular": [0.05,0.05,0.05],
            "DbgColor": 15658734,
            "DbgName": "Steve",
            "colorDiffuse": [0.64,0.64,0.64],
            "wireframe": false
        }],
        "type": "Geometry",
        "uuid": "CCC02F36-40EC-34F7-95A7-4DF194E37308",
        "data": {
            "influencesPerVertex": 2,
            "skinIndices": [],
            "morphTargets": [],
            "name": "Steve_LLegGeometry",
            "bones": [],
            "uvs": [[0.122711,0.377515,0.12279,0.486939,0.062175,0.489947,0.062097,0.380523,0.250211,0.373175,0.250211,0.001371,0.187955,-0.001314,0.187955,0.370491,0.187525,7.1e-05,0.187524,0.370784,0.1259,0.370784,0.1259,7.1e-05,-0.003674,0.36814,0.00376,-0.002275,0.065964,-0.002528,0.05853,0.367886,0.06805,0.365241,0.06805,0.003935,0.122484,0.003935,0.122484,0.365241,0.185797,0.496086,0.12915,0.496087,0.130335,0.384604,0.186982,0.384604]],
            "metadata": {
                "uvs": 1,
                "faces": 6,
                "version": 3,
                "morphTargets": 0,
                "normals": 8,
                "materials": 1,
                "generator": "io_three",
                "vertices": 8,
                "bones": 0
            },
            "skinWeights": [],
            "animations": [],
            "normals": [-0.577349,0.577349,0.577349,-0.577349,-0.577349,0.577349,0.577349,-0.577349,0.577349,0.577349,0.577349,0.577349,-0.577349,0.577349,-0.577349,-0.577349,-0.577349,-0.577349,0.577349,0.577349,-0.577349,0.577349,-0.577349,-0.577349],
            "vertices": [-0.521593,1.13889,3.49735,-0.521593,0.00264,3.49735,0.521593,0.00264,3.49735,0.521592,1.13889,3.49735,-0.521593,1.13889,0.502646,-0.521592,0.002639,0.502646,0.521593,1.13889,0.502646,0.521593,0.00264,0.502646],
            "faces": [43,0,1,2,3,0,0,1,2,3,0,1,2,3,43,0,4,5,1,0,4,5,6,7,0,4,5,1,43,4,0,3,6,0,8,9,10,11,4,0,3,6,43,1,5,7,2,0,12,13,14,15,1,5,7,2,43,2,7,6,3,0,16,17,18,19,2,7,6,3,43,4,6,7,5,0,20,21,22,23,4,6,7,5]
        }
    },{
        "materials": [{
            "transparent": false,
            "opacity": 1,
            "visible": true,
            "colorEmissive": [0,0,0],
            "DbgIndex": 0,
            "shading": "phong",
            "mapDiffuse": "Steve.png",
            "depthTest": true,
            "specularCoef": 50,
            "mapDiffuseRepeat": [1,1],
            "mapDiffuseWrap": ["RepeatWrapping","RepeatWrapping"],
            "blending": "NormalBlending",
            "mapDiffuseAnisotropy": 1,
            "doubleSided": true,
            "depthWrite": true,
            "colorAmbient": [0.64,0.64,0.64],
            "colorSpecular": [0.05,0.05,0.05],
            "DbgColor": 15658734,
            "DbgName": "Steve",
            "colorDiffuse": [0.64,0.64,0.64],
            "wireframe": false
        }],
        "type": "Geometry",
        "uuid": "24C0217E-C083-3B01-9626-C13B385D3844",
        "data": {
            "influencesPerVertex": 2,
            "skinIndices": [],
            "morphTargets": [],
            "name": "Steve_LArmGeometry",
            "bones": [],
            "uvs": [[0.689934,0.495565,0.689339,0.380423,0.748153,0.380419,0.748748,0.495561,0.691096,0.377156,0.693834,0.001912,0.747501,0.008395,0.753152,0.37525,0.69008,0.003953,0.691833,0.375361,0.75161,0.369261,0.749856,-0.002147,0.688328,0.374991,0.688328,0.005988,0.748819,5.8e-05,0.748819,0.369061,0.688839,0.369572,0.6876,0.004327,0.751165,0.000589,0.752404,0.365834,0.81312,0.496101,0.757901,0.498796,0.759715,0.389343,0.814246,0.387968]],
            "metadata": {
                "uvs": 1,
                "faces": 6,
                "version": 3,
                "morphTargets": 0,
                "normals": 8,
                "materials": 1,
                "generator": "io_three",
                "vertices": 8,
                "bones": 0
            },
            "skinWeights": [],
            "animations": [],
            "normals": [-0.578112,-0.568529,0.585253,-0.590289,-0.572131,-0.569353,0.564226,-0.586047,-0.58153,0.576434,-0.582476,0.573077,-0.564226,0.586047,0.58153,-0.576434,0.582476,-0.573077,0.590289,0.572131,0.569353,0.578112,0.568529,-0.585253],
            "vertices": [-0.548908,1.11433,6.48752,-0.560913,1.11081,5.35135,0.482139,1.09824,5.34036,0.494144,1.10176,6.47654,-0.512911,4.10881,6.47787,-0.524916,4.10529,5.3417,0.53014,4.09623,6.46689,0.518135,4.09271,5.33071],
            "faces": [43,0,1,2,3,0,0,1,2,3,0,1,2,3,43,0,4,5,1,0,4,5,6,7,0,4,5,1,43,4,0,3,6,0,8,9,10,11,4,0,3,6,43,1,5,7,2,0,12,13,14,15,1,5,7,2,43,2,7,6,3,0,16,17,18,19,2,7,6,3,43,4,6,7,5,0,20,21,22,23,4,6,7,5]
        }
    },{
        "materials": [{
            "transparent": false,
            "opacity": 1,
            "visible": true,
            "colorEmissive": [0,0,0],
            "DbgIndex": 0,
            "shading": "phong",
            "mapDiffuse": "Steve.png",
            "depthTest": true,
            "specularCoef": 50,
            "mapDiffuseRepeat": [1,1],
            "mapDiffuseWrap": ["RepeatWrapping","RepeatWrapping"],
            "blending": "NormalBlending",
            "mapDiffuseAnisotropy": 1,
            "doubleSided": true,
            "depthWrite": true,
            "colorAmbient": [0.64,0.64,0.64],
            "colorSpecular": [0.05,0.05,0.05],
            "DbgColor": 15658734,
            "DbgName": "Steve",
            "colorDiffuse": [0.64,0.64,0.64],
            "wireframe": false
        }],
        "type": "Geometry",
        "uuid": "0692928A-1733-368D-BC76-513D5ADB44A2",
        "data": {
            "influencesPerVertex": 2,
            "skinIndices": [],
            "morphTargets": [],
            "name": "Steve_BodyGeometry",
            "bones": [],
            "uvs": [[0.439419,0.501069,0.313044,0.494516,0.314588,0.373515,0.440962,0.380069,0.622224,0.375264,0.625501,0.005748,0.508958,0.000506,0.505681,0.370022,0.5,-0.005172,0.5,0.370784,0.441207,0.370784,0.441206,-0.005172,0.309159,0.373364,0.309159,-0.002509,0.249632,-0.002509,0.249632,0.373364,0.312738,0.372217,0.312738,0.000239,0.438887,0.000239,0.438887,0.372217,0.183671,0.494358,0.127578,0.496613,0.129334,0.382434,0.185427,0.380179]],
            "metadata": {
                "uvs": 1,
                "faces": 6,
                "version": 3,
                "morphTargets": 0,
                "normals": 8,
                "materials": 1,
                "generator": "io_three",
                "vertices": 8,
                "bones": 0
            },
            "skinWeights": [],
            "animations": [],
            "normals": [-0.577349,0.577349,0.577349,-0.577349,-0.577349,0.577349,0.577349,-0.577349,0.577349,0.577349,0.577349,0.577349,-0.577349,0.577349,-0.577349,-0.577349,-0.577349,-0.577349,0.577349,0.577349,-0.577349,0.577349,-0.577349,-0.577349],
            "vertices": [-0.521593,1.13161,6.48626,-0.521593,-1.16383,6.48626,0.521593,-1.16383,6.48626,0.521592,1.13161,6.48626,-0.521593,1.13161,3.49155,-0.521592,-1.16383,3.49155,0.521593,1.13161,3.49155,0.521593,-1.16383,3.49155],
            "faces": [43,0,1,2,3,0,0,1,2,3,0,1,2,3,43,0,4,5,1,0,4,5,6,7,0,4,5,1,43,4,0,3,6,0,8,9,10,11,4,0,3,6,43,1,5,7,2,0,12,13,14,15,1,5,7,2,43,2,7,6,3,0,16,17,18,19,2,7,6,3,43,4,6,7,5,0,20,21,22,23,4,6,7,5]
        }
    }],
    "object": {
        "children": [{
            "name": "CameraPreset",
            "uuid": "B0C4E574-DECC-3D97-99F0-60577F3026BF",
            "matrix": [-1,0,-0,0,-0,0,1,0,0,1,0,0,0,4.49494,-0.019301,1],
            "visible": true,
            "type": "Object",
            "children": [{
                "name": "TurnTableCamera",
                "uuid": "D7C44AB9-C5E4-3E53-805E-02A6D8DC90EC",
                "matrix": [0.477159,0.878817,0,0,-0.36444,0.197875,0.909961,0,0.799689,-0.434196,0.414693,0,9.9512,-5.4,5.6551,1],
                "visible": true,
                "type": "PerspectiveCamera",
                "far": 50000,
                "near": 0.1,
                "aspect": 1.77778,
                "fov": 38.6274
            }]
        },{
            "name": "LightPreset",
            "uuid": "1783D250-7BC6-30D0-B7CB-5461D8774CE2",
            "matrix": [-1,0,0,0,0,0,1,0,0,1,0,0,0,4.49494,-0.019301,1],
            "visible": true,
            "type": "Object",
            "children": [{
                "name": "BackLight",
                "uuid": "6C2D9241-E0B7-3878-BBEB-78107E823E3E",
                "matrix": [-0.117758,-0.595422,0.794736,0,0.794736,0.42335,0.434935,0,-0.595422,0.682823,0.42335,0,-49.1593,56.3753,34.9527,1],
                "visible": true,
                "type": "DirectionalLight",
                "castShadow": false,
                "color": 7838134,
                "intensity": 0.75,
                "distance": 0
            },{
                "name": "FillLight",
                "uuid": "45C90A33-0D2F-3540-A48E-3AFDDA8A011B",
                "matrix": [0.398127,0.775804,-0.489512,0,-0.489512,0.630973,0.601873,0,0.775804,-0,0.630973,0,123.067,0,100.092,1],
                "visible": true,
                "type": "DirectionalLight",
                "castShadow": false,
                "color": 15062196,
                "intensity": 0.85,
                "distance": 0
            },{
                "name": "KeyLight",
                "uuid": "50157FD0-6064-3AF8-A62F-23E1675946D0",
                "matrix": [0.817645,-0.527833,0.229888,0,0.229888,0.66542,0.710188,0,-0.527833,-0.527833,0.66542,0,-43.579,-43.579,54.9385,1],
                "visible": true,
                "type": "DirectionalLight",
                "castShadow": false,
                "color": 16776180,
                "intensity": 1,
                "distance": 0
            }]
        },{
            "name": "Steve_Body",
            "uuid": "49227426-34C1-3B16-92FE-DE5339F1CB00",
            "matrix": [-1,0,0,0,0,0,1,0,0,1,0,0,0,0,0,1],
            "visible": true,
            "type": "Mesh",
            "material": "E9DF5BD1-28BB-31C6-8EB0-4AD41F47D874",
            "castShadow": true,
            "receiveShadow": true,
            "geometry": "0692928A-1733-368D-BC76-513D5ADB44A2"
        },{
            "name": "Steve_Head",
            "uuid": "0DD18284-236E-3882-B321-88B08F11AC48",
            "matrix": [-1,0,0,0,0,0,1,0,0,1,0,0,0,0,0,1],
            "visible": true,
            "type": "Mesh",
            "material": "E9DF5BD1-28BB-31C6-8EB0-4AD41F47D874",
            "castShadow": true,
            "receiveShadow": true,
            "geometry": "ECE17B79-2E83-3E47-B424-B612C155212F"
        },{
            "name": "Steve_LArm",
            "uuid": "AB8AF292-EFD7-3E83-98BC-2A0BE798D052",
            "matrix": [-1,0,0,0,0,-1,-0,0,0,-0,1,0,0,7.6,-4.25,1],
            "visible": true,
            "type": "Mesh",
            "material": "E9DF5BD1-28BB-31C6-8EB0-4AD41F47D874",
            "castShadow": true,
            "receiveShadow": true,
            "geometry": "24C0217E-C083-3B01-9626-C13B385D3844"
        },{
            "name": "Steve_LLeg",
            "uuid": "98326253-95B7-3211-982B-76B8E221472F",
            "matrix": [-1,0,0,0,0,0,1,0,0,1,0,0,0,0,0,1],
            "visible": true,
            "type": "Mesh",
            "material": "E9DF5BD1-28BB-31C6-8EB0-4AD41F47D874",
            "castShadow": true,
            "receiveShadow": true,
            "geometry": "CCC02F36-40EC-34F7-95A7-4DF194E37308"
        },{
            "name": "Steve_RArm",
            "uuid": "3E9A18E9-B213-39D9-9A09-57DCA9675D7E",
            "matrix": [-1,0,0,0,0,1,-0,0,0,-0,-1,0,0,7.6,4.25,1],
            "visible": true,
            "type": "Mesh",
            "material": "E9DF5BD1-28BB-31C6-8EB0-4AD41F47D874",
            "castShadow": true,
            "receiveShadow": true,
            "geometry": "53A2F1E3-F4B3-3534-96F6-463768A355EA"
        },{
            "name": "Steve_RLeg",
            "uuid": "01331376-9D52-37A4-984E-CF49F5F5FD13",
            "matrix": [-1,0,0,0,0,0,1,0,0,1,0,0,0,0,0,1],
            "visible": true,
            "type": "Mesh",
            "material": "E9DF5BD1-28BB-31C6-8EB0-4AD41F47D874",
            "castShadow": true,
            "receiveShadow": true,
            "geometry": "F48E5619-D35C-32B8-BD90-92636679BC68"
        }],
        "type": "Scene",
        "matrix": [1,0,0,0,0,1,0,0,0,0,1,0,0,0,0,1],
        "uuid": "E5CB61F4-1A40-4407-BF6F-BC7E26F32F7F"
    },
    "images": [{
        "name": "Steve.png",
        "url": "Steve.png",
        "uuid": "382E5E10-345D-38ED-B15B-4B9EC0161020"
    }],
    "textures": [{
        "image": "382E5E10-345D-38ED-B15B-4B9EC0161020",
        "name": "Steve_png",
        "anisotropy": 1,
        "repeat": [1,1],
        "minFilter": 1008,
        "mapping": 300,
        "uuid": "83AF0436-E3D5-3BC4-967D-1DD52124C839",
        "magFilter": 1006,
        "wrap": [1000,1000]
    }],
    "metadata": {
        "type": "Object",
        "generator": "io_three",
        "version": 4.4
    },
    "materials": [{
        "vertexColors": false,
        "specular": 789516,
        "name": "Steve",
        "type": "MeshPhongMaterial",
        "shininess": 50,
        "map": "83AF0436-E3D5-3BC4-967D-1DD52124C839",
        "depthTest": true,
        "ambient": 10724259,
        "side": 2,
        "emissive": 0,
        "color": 10724259,
        "blending": "NormalBlending",
        "depthWrite": true,
        "uuid": "E9DF5BD1-28BB-31C6-8EB0-4AD41F47D874"
    }],
    "animations": [{
        "fps": 29,
        "name": "default",
        "tracks": [{
            "name": "CameraPreset.position",
            "type": "vector3",
            "keys": [{
                "value": [0,4.49494,-0.019301],
                "time": 0
            },{
                "value": [0,4.49494,-0.019301],
                "time": 120
            },{
                "value": [0,4.49494,-0.019301],
                "time": 240
            },{
                "value": [0,4.49494,-0.019301],
                "time": 360
            }]
        },{
            "name": "CameraPreset.scale",
            "type": "vector3",
            "keys": [{
                "value": [1,1,1],
                "time": 0
            },{
                "value": [1,1,1],
                "time": 120
            },{
                "value": [1,1,1],
                "time": 240
            },{
                "value": [1,1,1],
                "time": 360
            }]
        },{
            "name": "CameraPreset.quaternion",
            "type": "quaternion",
            "keys": [{
                "value": [0,0.707107,0.707107,0],
                "time": 0
            },{
                "value": [-0.612372,-0.353553,-0.353553,0.612372],
                "time": 120
            },{
                "value": [-0.612372,0.353553,0.353553,0.612372],
                "time": 240
            },{
                "value": [-0,0.707107,0.707107,0],
                "time": 360
            }]
        }]
    }]
}